<?xml version='1.0' encoding='utf-8' standalone='yes' ?>
<volumes version="3" forceAdoptable="true">
<volume type="0" fsUuid="0001-CA0D" userFlags="3" createdMillis="1495288079651" lastTrimMillis="0" lastBenchMillis="0" />
<volume type="0" fsUuid="827E-F2E7" userFlags="3" createdMillis="1491846865806" lastTrimMillis="0" lastBenchMillis="0" />
<volume type="0" fsUuid="BE0A-AD2C" userFlags="1" createdMillis="1494529204795" lastTrimMillis="0" lastBenchMillis="0" />
<volume type="0" fsUuid="7143-1516" userFlags="3" createdMillis="1497351221780" lastTrimMillis="0" lastBenchMillis="0" />
<volume type="0" fsUuid="46C8-6FEE" userFlags="0" createdMillis="1497351173747" lastTrimMillis="0" lastBenchMillis="0" />
<volume type="0" fsUuid="70B4-1812" userFlags="0" createdMillis="1495288183430" lastTrimMillis="0" lastBenchMillis="0" />
<volume type="0" fsUuid="26488A1E4889ECBD" userFlags="0" createdMillis="1493101876004" lastTrimMillis="0" lastBenchMillis="0" />
<volume type="0" fsUuid="09DE-E46A" userFlags="0" createdMillis="1496424990726" lastTrimMillis="0" lastBenchMillis="0" />
</volumes>
